Workbook

Sheet Read Me
A1: Griffins Medicals - product classification for the online shop
A3: What this is: all 631 ERP products arranged into Parent Type > Shop Category > Shop Sub Category, ready to load into the online shop.
A4: How to use it:
A5: 1. Open the Products sheet. The yellow columns (Parent Type, Shop Category, Shop Sub Category) are my proposal - change any cell using the dropdown.
A6: 2. "Needs Prescription?" is automatic: it says Yes whenever Shop Category = prescription (no tick box needed).
A7: 3. The Notes column shows where I was unsure, or the product has no price, no stock, or is a bundle.
A8: 4. The Shop Menu sheet shows how the shop menu will look, with live counts.
A9: 5. When you are happy, send the file back and I will load it into the ERP database.
A11: How I decided Prescription vs OTC: anything antibiotic, injectable, cardiac, diabetic, cancer, steroid, etc. is Prescription. Only clearly over-the-counter items
A12: (oral paracetamol, cough/cold/allergy, antacids, laxatives, ORS, herbal/homeopathic, mouthwash, saline/decongestant nasal drops, lubricant eye drops, topical pain gels) are OTC.
A13: When unsure I chose Prescription - that is the safer default for a pharmacy. Please review the OTC list (40 products).
A15: Values are lowercase with underscores on purpose - the shop turns them into Title Case in the menu (e.g. pain_and_fever_relief shows as "Pain And Fever Relief").

Sheet Products
A1: SKU | B1: Product Name | C1: Brand | D1: Generic Name | E1: Form | F1: ERP Category | G1: ERP Sub Category | H1: ERP Stock (units) | I1: Pack Size | J1: Online Price (ZMW) | K1: In Stock Online? | L1: Parent Type | M1: Shop Category | N1: Shop Sub Category | O1: Needs Prescription? | P1: Notes / Please Check | Q1: Product ID
A2: PRD-MUXW22EK | B2: Accu-check Glucostick | C2: Roche Diabates Care | D2: Glucostick | F2: Diagnostics & Monitoring(Devices & Supplies) | G2: Blood Glucose Test Strips | H2: 4800 | I2: 50 | J2: 258.89 | K2: Yes | L2: diagnostics | M2: diagnostic_devices | N2: blood_glucose_monitoring | O2: =IF(M2="prescription","Yes","No") -> No | Q2: 75d57c25-89af-4b25-a803-219f4e9e1d20
A3: PRD-MTHV9KLM149 | B3: Codefree Blood Sugar Monitoring Strips | C3: Sd Biosensor, Inc.(Korea) | D3: Glucostick | E3: Medical Device | F3: Diagnostics & Monitoring(Devices & Supplies) | G3: Blood Glucose Test Strips | H3: 2205 | I3: 50 | J3: 258.08 | K3: Yes | L3: diagnostics | M3: diagnostic_devices | N3: blood_glucose_monitoring | O3: =IF(M3="prescription","Yes","No") -> No | Q3: 6973fa0b-d722-4d52-9c29-3bf8726d8751
A4: PRD-1510 | B4: Sinocare Blood Glucose Test Strips | C4: Changsha Sinocare Inc. | D4: Glucostick | E4: Consumable | F4: Diagnostics & Monitoring(Devices & Supplies) | G4: Blood Glucose Test Strips | H4: 14325 | I4: 50 | J4: 216.66 | K4: Yes | L4: diagnostics | M4: diagnostic_devices | N4: blood_glucose_monitoring | O4: =IF(M4="prescription","Yes","No") -> No | Q4: a18968a4-17a0-472e-9805-ef1219c9dbb0
A5: PRD-3326 | B5: Health Nest Blood Pressure Monitor Lt-p30 Arm Type | C5: Health Nest Africa Limited(china/africa) | D5: Bp Machine | F5: Diagnostics & Monitoring(Devices & Supplies) | G5: Blood pressure monitor | H5: 2 | I5: 1 | J5: 420.81 | K5: Yes | L5: diagnostics | M5: diagnostic_devices | N5: blood_pressure_monitors | O5: =IF(M5="prescription","Yes","No") -> No | Q5: 8279ae71-b694-4805-a580-c7222c8d68f3
A6: PRD-E7D66112 | B6: BERLINER HAMMER | C6: Salim Group Of Company | D6: Diagnostic Instrument | E6: Instrument | F6: Diagnostics & Monitoring(Devices & Supplies) | G6: Diagnostic Instruments | H6: 60 | I6: 1 | J6: 291.81 | K6: Yes | L6: diagnostics | M6: diagnostic_devices | N6: diagnostic_instruments | O6: =IF(M6="prescription","Yes","No") -> No | Q6: 2783301f-d4f7-4ce3-a51f-dff24e875e99
A7: PRD-MTHVITBH260 | B7: Diagnostic Set | C7: Salim Group Of Company | D7: Diagnostic Instrument | E7: Instrument | F7: Diagnostics & Monitoring(Devices & Supplies) | G7: Diagnostic Instruments | H7: 40 | I7: 1 | J7: 1190 | K7: Yes | L7: diagnostics | M7: diagnostic_devices | N7: diagnostic_instruments | O7: =IF(M7="prescription","Yes","No") -> No | Q7: e2ba0675-9ce2-4e5b-8d9f-4a8c54d00ba2
A8: PRD-B696D057 | B8: HEAD LIGHT FOR THEATER | C8: Salim Group Of Company | D8: Diagnostic Instrument | E8: Instrument | F8: Diagnostics & Monitoring(Devices & Supplies) | G8: Diagnostic Instruments | H8: 37 | I8: 1 | J8: 247.84 | K8: Yes | L8: diagnostics | M8: diagnostic_devices | N8: diagnostic_instruments | O8: =IF(M8="prescription","Yes","No") -> No | Q8: e72cecb2-22a9-4dc8-a72e-62e69c8deb81
A9: PRD-MTHVIVTQ261 | B9: Laryngoscope With Led Bulb 4 Blade Adult | C9: Salim Group Of Company | D9: Diagnostic Instrument | E9: Instrument | F9: Diagnostics & Monitoring(Devices & Supplies) | G9: Diagnostic Instruments | H9: 49 | I9: 1 | J9: 1610 | K9: Yes | L9: diagnostics | M9: diagnostic_devices | N9: diagnostic_instruments | O9: =IF(M9="prescription","Yes","No") -> No | Q9: 9a5c7ace-212d-459d-b831-cec824b4b31e
A10: PRD-MTHVIYBK262 | B10: Laryngoscope With Led Bulb 4 Blade Paediatric | C10: Salim Group Of Company | D10: Diagnostic Instrument | E10: Instrument | F10: Diagnostics & Monitoring(Devices & Supplies) | G10: Diagnostic Instruments | H10: 10 | I10: 1 | J10: 1610 | K10: Yes | L10: diagnostics | M10: diagnostic_devices | N10: diagnostic_instruments | O10: =IF(M10="prescription","Yes","No") -> No | Q10: a47a63ae-8ba4-4227-89ac-deee31aaf4e4
A11: PRD-MTHVJ0YY263 | B11: Otoscope Set | C11: Salim Group Of Company | D11: Diagnostic Instrument | E11: Instrument | F11: Diagnostics & Monitoring(Devices & Supplies) | G11: Diagnostic Instruments | H11: 36 | I11: 1 | J11: 676.42 | K11: Yes | L11: diagnostics | M11: diagnostic_devices | N11: diagnostic_instruments | O11: =IF(M11="prescription","Yes","No") -> No | Q11: ec9fe5ec-263f-4a3e-a74d-39c568a49325
A12: PRD-083D70E4 | B12: TAYLOR HAMMER | C12: Salim Group Of Company | D12: Diagnostic Instrument | E12: Instrument | F12: Diagnostics & Monitoring(Devices & Supplies) | G12: Diagnostic Instruments | H12: 16 | I12: 1 | J12: 64.04 | K12: Yes | L12: diagnostics | M12: diagnostic_devices | N12: diagnostic_instruments | O12: =IF(M12="prescription","Yes","No") -> No | Q12: d115ffd5-0700-4dfc-a253-ffbdd7a5540b
A13: PRD-MUNYBV7H | B13: Hiv1&2 Test Kit | C13: Oscar Medicare Pvt. Ltd.(india) | D13: Hiv Test Kit | F13: Diagnostics & Monitoring(Devices & Supplies) | G13: Diagnostic Instruments | H13: 0 | I13: 1 | J13: 23.8 | K13: No | L13: diagnostics | M13: diagnostic_devices | N13: test_kits | O13: =IF(M13="prescription","Yes","No") -> No | P13: Out of stock | Q13: fea031e0-5824-4efa-8da4-9ace01c9dc65
A14: PRD-0214 | B14: Ferrous Sulphate 200mg Tablet(leben) | C14: Leben Laboratories Pvt. Ltd.(India) | D14: FERROUS SULPHATE 200MG | E14: Tablet | F14: Vitamins, Minerals & Supplements(Oral Solid) | G14: Vitamins | H14: 58 | I14: 10 | J14: 7.19 | K14: Yes | L14: medicine | M14: health_supplement | N14: blood_booster | O14: =IF(M14="prescription","Yes","No") -> No | Q14: 5a019ca3-0733-4b08-a04e-2e3a47bad215
A15: PRD-7708 | B15: Multitasque Capsule | C15: Scott-Edil Pharmacia Ltd.(India) | D15: GRAPE SEED EXTRACT 50MG+VITAMIN C 40MG+VITAMIN B3 18MG+VITAMIN E10MG+ZINC 10MG+MAGANESIUM 3MG+VITAMIN B5 3MG+VITAMIN B2 1.6MG+VITAMIN B1 1.4MG+VITAMIN B6 1MG+VITAMIN A600MCG+MANGANESE 250MCG+IRON 18MG+BIOTIN 150MCG+FOLIC ACID 100MCG+IODINE 30MCG+COPPER 30MCG+SELENIUM 30MCG+CHROMIUM 25MCG+CITAMIN D3 5MCG+VITAMIN B12 1MCG+MOLYBDENUM 45MCG | E15: Capsule | F15: Vitamins, Minerals & Supplements(Oral Solid) | G15: Vitamins | H15: 300 | I15: 30 | J15: 96.57 | K15: Yes | L15: medicine | M15: health_supplement | N15: blood_booster | O15: =IF(M15="prescription","Yes","No") -> No | Q15: c61ba6ed-d569-4ee8-a2b9-90e308f4c428
A16: PRD-MTHVME5F304 | B16: Roxy Plus 200ml Syrup | C16: Pt Sanbe Farma(Indonesia) | D16: Ferrice Ammonium Citrate 120mg+Folic Acid 0.75mg+Copper Sulphate 0.75mg+Cyanocobalamine 7.5mcg+Manganese Sulphte 0.5mg+Magnesium Chloride 0.5mg/5ml | E16: Syrup | F16: Vitamins, Minerals & Supplements(Oral Liquid) | G16: Iron & Hematinics | H16: 154 | I16: 1 | J16: 51.49 | K16: Yes | L16: medicine | M16: health_supplement | N16: blood_booster | O16: =IF(M16="prescription","Yes","No") -> No | Q16: 31a883d1-2dc1-40bd-8867-58cf771c2b29
A17: PRD-MTHVMPGY308 | B17: Cartilcollagen Sg Capsule | C17: Galaxy Vitacare Pvt. Ltd. | D17: Glucosamine Sulfate 500mg+Cissus Quadrangularis 300mg+Collagen 150mg+Chondroitin Sulphate 100mg+Vitamin C 30mg+Hyaluronic Acid 25mg | E17: Capsule | F17: Vitamins, Minerals & Supplements(Oral Solid) | G17: Joint Health Supplements | H17: 450 | I17: 30 | J17: 344.48 | K17: Yes | L17: medicine | M17: health_supplement | N17: bone_and_joint_health | O17: =IF(M17="prescription","Yes","No") -> No | Q17: 6e2ea113-8bc8-49dc-a4a4-c87abb05ce7c
A18: PRD-MTHV5KSN102 | B18: Uniortho 500mg Tablet | C18: Mankind Pharma Ltd.(India) | D18: Univestin 500mg | E18: Tablet | F18: Vitamins, Minerals & Supplements(Oral Solid) | G18: Joint Health Supplements | H18: 30 | I18: 10 | J18: 161.51 | K18: Yes | L18: medicine | M18: health_supplement | N18: bone_and_joint_health | O18: =IF(M18="prescription","Yes","No") -> No | Q18: 3e82b121-9d81-4ada-b30f-983d13af4fa5
A19: PRD-MTHVMVIU310 | B19: Fertilion F Soft Gelatin Capsule | C19: Galaxy Vitacare Pvt. Ltd. | D19: Inositol(Myo Inositol) 200mg+D-Chiro-Inositol 10mg+Vitamin C 75mg+P.a.b.a 12.5mg+Folic Acid 1.5mg+L-Arginine 10mg+Vitamin B1 5mg+Vitamin B6 5mg+Vitamin B2 2.5mg+Methylcobalamin 500mcg+Retinmol 375mg+Vitamin D3 12.5mcg+Vitamin E 12.5+Magnesium 25mg+Zinc 10mg+Iron 9mg+Copper 750mcg+Manganese 1.5mcg+Selenium 100mcg+Iodine 50mcg+Chromium 50mcg | E19: Capsule | F19: Vitamins, Minerals & Supplements(Oral Solid) | G19: Fertility & Reproductive Support | H19: 330 | I19: 30 | J19: 354.9 | K19: Yes | L19: medicine | M19: health_supplement | N19: fertility_and_reproductive_health | O19: =IF(M19="prescription","Yes","No") -> No | Q19: c240bc56-d642-47bc-a03d-d3b3e3c19b45
A20: PRD-MTHVN568313 | B20: Fertilion M Soft Gelatin Capsule | C20: Galaxy Vitacare Pvt. Ltd. | D20: Lycopene 10mg+Co-Enzyme Q10 50mg+L-Glutathione 50mg+Vitamin E 12.5mg+Vitamin C 75mg+L-Carnitine 50mg+Korean Ginseng Extract 10mg+Zinc 7.5mg+Folic Acid 1.5mg+Iron 5mg+Vitamin B6 5mg+Manganese 2mg+Selenium 100mcg+Vitamin D3 12.5mcg+Vitamin B1 5mg+Methylcobalamine 750mcg+Retinol 375mg | E20: Capsule | F20: Vitamins, Minerals & Supplements(Oral Solid) | G20: Fertility & Reproductive Support | H20: 120 | I20: 30 | J20: 387.36 | K20: Yes | L20: medicine | M20: health_supplement | N20: fertility_and_reproductive_health | O20: =IF(M20="prescription","Yes","No") -> No | Q20: f2c1c243-3e65-437c-8e07-71d01d659833
A21: PRD-MTHV492686 | B21: Weltek Cardio Capsule | C21: Msn Laboratories Private Limited(India) | D21: Coenzyme Q10 100mg+Omega 3 Fatty Acid(Epa 90mg&Dha 60mg)+Lycopene 4mg+Vitamin E 12iu+Selenium 27mcg | E21: Capsule | F21: Vitamins, Minerals & Supplements(Oral Solid) | G21: Cardiac Support Supplements | H21: 300 | I21: 30 | J21: 157.98 | K21: Yes | L21: medicine | M21: health_supplement | N21: heart_health | O21: =IF(M21="prescription","Yes","No") -> No | Q21: 721889c8-7468-4f3f-8256-915d3a3eb8e3
A22: PRD-MUR2DLBK | B22: Nat B Forte Capsule | C22: Mega Lifescience Pty.ltd. | D22: Vitamin B1 100mg+vitamin B6 200mg+vitamin B12 500mcg+folic Acid 200mcg+vitamin E 200iu+vitamin A 5000iu+vitamin D3 0.4mg+copper 1mg+chromium 0.2mg+zinc 15mg | E22: Capsule | F22: Vitamins, Minerals & Supplements(Oral Solid) | G22: Neuro Support Supplements | H22: 150 | I22: 30 | J22: 305.66 | K22: Yes | L22: medicine | M22: health_supplement | N22: mental_focus_and_sleep | O22: =IF(M22="prescription","Yes","No") -> No | Q22: df76ae31-c92e-4890-88c7-b98fe588a22b
A23: PRD-MTHV4TU593 | B23: Weltek Neuro Capsule | C23: Msn Laboratories Private Limited(India) | D23: Methylcobalami 1500mcg+Alpha Lipoic Acid 100mg+Inositol 100mg+Benfotiamine 100mg+Pyridoxine 3mg+Folic Acid 1.5mg | E23: Capsule | F23: Vitamins, Minerals & Supplements(Oral Solid) | G23: Neuro Support Supplements | H23: 60 | I23: 30 | J23: 157.98 | K23: Yes | L23: medicine | M23: health_supplement | N23: mental_focus_and_sleep | O23: =IF(M23="prescription","Yes","No") -> No | Q23: 847c535a-91e9-434d-8f59-9e6966abcd14
A24: PRD-MTHV4QQ092 | B24: Weltek Relaax 30ml | C24: Msn Laboratories Private Limited(India) | D24: L-Tryptophan 5mg+Indian Valerian 30mg+L-Theanine 3mg+Melatonin 3mg/Ml | E24: Syrup | F24: Vitamins, Minerals & Supplements(Oral Liquid) | G24: Sleep & Relaxation Supplements | H24: 10 | I24: 1 | J24: 264.58 | K24: Yes | L24: medicine | M24: health_supplement | N24: mental_focus_and_sleep | O24: =IF(M24="prescription","Yes","No") -> No | Q24: 2378000b-397d-4740-b32c-ad12b7677f04
A25: PRD-MTHV6HE9113 | B25: Foliben 5mg Tablet | C25: Leben Laboratories Pvt. Ltd.(India) | D25: Folic Acid 5mg | E25: Tablet | F25: Vitamins, Minerals & Supplements(Oral Solid) | G25: Vitamins | H25: 2946 | I25: 20 | J25: 7.98 | K25: Yes | L25: medicine | M25: health_supplement | N25: vitamins_and_minerals | O25: =IF(M25="prescription","Yes","No") -> No | Q25: fb871ad2-b939-455c-be76-2165f2a548e6
... A43: PRD-MTHV0XBH48 | B43: Fibolax 5gm*10 Powder Sachet | C43: West-Coast Pharmaceuticals Works Ltd.(India) | D43: Ispaghula Husk 3.5gm/Sachet | E43: Powder For Oral Use | F43: Gastrointestinal(Oral Solid) | G43: Laxatives & Fibre | H43: 11 | I43: 1 | J43: 74.29 | K43: Yes | L43: medicine | M43: otc | N43: digestive_health | O43: =IF(M43="prescription","Yes","No") -> No | Q43: b4f7f630-cf9a-46fa-b48b-9843fcdf4c8b
A44: PRD-MUXWWWGY | B44: Mmt Africure Tablet | C44: Africure Pharmaceuticals(india) Pvt. Ltd. | D44: Magnesium Trisilicate 250MG + Aluminum Hydroxide 120MG | E44: Tablet | F44: Gastrointestinal(Oral Solid) | G44: Proton Pump Inhibitors | H44: 1965 | I44: 10 | J44: 2.4 | K44: Yes | L44: medicine | M44: otc | N44: digestive_health | O44: =IF(M44="prescription","Yes","No") -> No | P44: Antacid (ERP filed under PPIs) | Q44: fe05f9a7-a0a2-4a23-9246-1100a86fcf06
A45: PRD-1684 | B45: Ors 20.5gm | C45: Fdc Limited(India) | D45: Sodium Chloride 2.6gm+Potassium Chloride 1.5gm+Trisodium Citrate Dihydrate 2.9gm+Anhydrous Glucose 13.5gm | E45: Powder For Oral Use | F45: Gastrointestinal(Oral Solid) | G45: Oral Rehydration Salts | H45: 521 | I45: 1 | J45: 5.27 | K45: Yes | L45: medicine | M45: otc | N45: digestive_health | O45: =IF(M45="prescription","Yes","No") -> No | Q45: 5477ff28-0d02-4b76-b531-4ee704120dd2
A46: PRD-MUME2Y57 | B46: Osmolax 3.35gm/5ml 100ml Syrup | C46: Square Pharmaceuticals Plc(Bangladesh) | D46: Lactulose 3.35gm/5ml | E46: Syrup | F46: Gastrointestinal(Oral Liquid) | G46: Laxatives & Fibre | H46: 215 | I46: 1 | J46: 62.17 | K46: Yes | L46: medicine | M46: otc | N46: digestive_health | O46: =IF(M46="prescription","Yes","No") -> No | Q46: 4ead2927-9580-4b6d-a8d5-103b80b41aae
A47: PRD-MTHV4NLU91 | B47: Weltek Fibre 90gm Powder | C47: Msn Laboratories Private Limited(India) | D47: Lactilol Monohydrate 10gm+Ispaghula Husk 3.5gm/15gm | E47: Powder For Oral Use | F47: Gastrointestinal(Oral Solid) | G47: Laxatives & Fibre | H47: 10 | I47: 1 | J47: 264.58 | K47: Yes | L47: medicine | M47: otc | N47: digestive_health | O47: =IF(M47="prescription","Yes","No") -> No | Q47: 3c1b5fc1-e3f1-4502-9bb1-c13a1b2a916f
A48: PRD-7323 | B48: Abnal 0.9% W/v 10ml Nasal Drops | C48: Abacus Parenteral Drugs Ltd. | D48: Sodium Chloride 0.9% W/v | E48: Nasal Spray | F48: Respiratory & ENT(Inhalational) | G48: Nasal Decongestants | H48: 106 | I48: 1 | J48: 16.31 | K48: Yes | L48: medicine | M48: otc | N48: eye_ear_and_nose_care | O48: =IF(M48="prescription","Yes","No") -> No | Q48: ee893347-a9fa-4a20-a3e8-a13a0678d900
A49: PRD-MTHUWXYS8 | B49: Carboxy Ds 0.05% 10ml Eye Drop | C49: Protech Remedies Pvt. Ltd. | D49: Carboxy Methyl Cellulose 0.05% W/V | E49: Eye Drop | F49: Ophthalmology(Topical) | G49: Lubricant Eye Drops | H49: 122 | I49: 1 | J49: 58.7 | K49: Yes | L49: medicine | M49: otc | N49: eye_ear_and_nose_care | O49: =IF(M49="prescription","Yes","No") -> No | Q49: 306bc8b2-6606-48c9-8661-5961a9dae4b4
A50: PRD-MTHV117G49 | B50: Xylone 0.05% W/W 15ml Paediatric Nasal Drops | C50: West-Coast Pharmaceuticals Works Ltd.(India) | D50: Xylometazoline 0.05%W/V | E50: Nasal Spray | F50: Respiratory & ENT(Inhalational) | G50: Nasal Decongestants | H50: 32 | I50: 1 | J50: 163.63 | K50: Yes | L50: medicine | M50: otc | N50: eye_ear_and_nose_care | O50: =IF(M50="prescription","Yes","No") -> No | Q50: c59281d9-613d-45b3-9246-1ed92a23e600
A51: PRD-MTHV149650 | B51: Xylone 0.1% W/W 15ml Adult Nasal Drops | C51: West-Coast Pharmaceuticals Works Ltd.(India) | D51: Xylometazoline 0.01%W/V | E51: Nasal Spray | F51: Respiratory & ENT(Inhalational) | G51: Nasal Decongestants | H51: 21 | I51: 1 | J51: 127.93 | K51: Yes | L51: medicine | M51: otc | N51: eye_ear_and_nose_care | O51: =IF(M51="prescription","Yes","No") -> No | Q51: 505a467d-932a-43ec-88bb-16ac6e1ac10a
A52: PRD-MTHVMYZ8311 | B52: Co-Ex 100ml Syrup | C52: Bhargava Phytolab Pvt. Ltd.(India) | D52: Justicia Adhatoda Q 3.30ml+Passiflora Incarnata Q 3.30ml+Aspidosperma Quebracho Q 1.65ml+Yerba Santa Q 1.65ml+Ipecacuanha Q 1.65ml | E52: Syrup | F52: Homeopathic & Herbal Remedies(Oral Liquid) | G52: Herbal Cough Remedies | H52: 50 | I52: 1 | J52: 70.12 | K52: Yes | L52: medicine | M52: otc | N52: herbal_and_homeopathic | O52: =IF(M52="prescription","Yes","No") -> No | Q52: 820389ed-ef8b-4f0f-87ca-80aaf6fa27f8
A53: PRD-MTHVM3OK301 | B53: Kidflam Tablet | C53: Bhargava Phytolab Pvt. Ltd.(India) | D53: Berberis Vulgaris 75mg+Cantharis Vesicotoiria 75mg+Dioscorea Villosa 25mg+Pteroselinum Sativum 25mg+Stigmata Maydis 40mg+Thuja Occidentalis 20mg+Uva Ursi 20mg+Vesicaria Communis 20mg | E53: Tablet | F53: Homeopathic & Herbal Remedies(Oral Solid) | G53: Urinary Homeopathic | H53: 130 | I53: 15 | J53: 64.42 | K53: Yes | L53: medicine | M53: otc | N53: herbal_and_homeopathic | O53: =IF(M53="prescription","Yes","No") -> No | Q53: b54b060b-97e7-4a70-b6f5-3f7ad2caa728
A54: PRD-MTHVLTIT298 | B54: Meniphib Tablet | C54: Bhargava Phytolab Pvt. Ltd.(India) | D54: Agnus Castus 178mg+Caulophyllum Thalictroids 84mg+Cyclamen Europaeum 84mg+Ignatia Amara 42mg+Iris Versicolor 170mg+Lillium Tigrinum 60mg | E54: Tablet | F54: Homeopathic & Herbal Remedies(Oral Solid) | G54: Women's Health Homeopathic | H54: 420 | I54: 20 | J54: 85.2 | K54: Yes | L54: medicine | M54: otc | N54: herbal_and_homeopathic | O54: =IF(M54="prescription","Yes","No") -> No | Q54: 98f9f06e-197c-49a1-b33a-e71058f8bed2
A55: PRD-MTHVNL6I318 | B55: Prostoral Tablet | C55: Bhargava Phytolab Pvt. Ltd.(India) | D55: Sabal Serrulata 3x+Chimaphila Umbellata 3x+Hydrangea Arborescens 3x+Pareira Brava 6x+Thuja Occidentalis 3x+Staphysagria 3x+Ferrum Picricum 3x | E55: Tablet | F55: Homeopathic & Herbal Remedies(Oral Solid) | G55: Men's Health Herbal | H55: 300 | I55: 30 | J55: 298.13 | K55: Yes | L55: medicine | M55: otc | N55: herbal_and_homeopathic | O55: =IF(M55="prescription","Yes","No") -> No | Q55: 55c6a9d9-4f9c-48ef-9f12-96b48c2b7ebc
A56: PRD-MTHVM6WB302 | B56: Thunder M Tablet | C56: Bhargava Phytolab Pvt. Ltd.(India) | D56: Damiana 0.03ml+Acid Phos 0.13ml+Ginseng 0.02ml+Slenium 0.02mg+Yohimbinum 0.02ml | E56: Tablet | F56: Homeopathic & Herbal Remedies(Oral Solid) | G56: Men's Health Herbal | H56: 360 | I56: 30 | J56: 16.11 | K56: Yes | L56: medicine | M56: otc | N56: herbal_and_homeopathic | O56: =IF(M56="prescription","Yes","No") -> No | Q56: e657186b-0886-41ec-91da-7acff0ea0017
... A61: PRD-MTHUZ28G30 | B61: Curamol 500mg Tablet | C61: Dawa Limited(Kenya) | D61: Paracetamol 500mg | E61: Tablet | F61: Analgesics & Anti-Inflammatory(Oral Solid) | G61: Antipyretics-Analgesics (Paracetamol) | H61: 6 | I61: 10 | J61: 4 | K61: Yes | L61: medicine | M61: otc | N61: pain_and_fever_relief | O61: =IF(M61="prescription","Yes","No") -> No | Q61: ef4d8621-cb93-4665-a274-b7aa325d3450
A62: PRD-MTHV18AV51 | B62: Deep Ache 25gm Cream | C62: Scott-Edil Pharmacia Ltd.(India) | D62: Methyl Salicylate 15%W/W+Menthol 10%W/W+Eucalyptus Oil 2%W/W+Turpentine Oil 2%+Camphor 3%W/W | E62: Cream | F62: Analgesics & Anti-Inflammatory(Topical) | G62: Topical Analgesics | H62: 61 | I62: 1 | J62: 16.41 | K62: Yes | L62: medicine | M62: otc | N62: pain_and_fever_relief | O62: =IF(M62="prescription","Yes","No") -> No | P62: Topical pain relief | Q62: 40b3b31d-ef73-4b23-b9d0-2377b68723ec
A63: PRD-MTHVFBU0218 | B63: Diclo 100ml Spray | C63: Umedica Laboratories Pvt. Ltd.(India) | D63: Diclofenac Diethylamine 1.16%W/W+Linseed Oil 3%+Methyl Salicylate 10.00%+Menthol 5% | E63: Topical Spray | F63: Analgesics & Anti-Inflammatory(Topical) | G63: Topical NSAIDs | H63: 48 | I63: 1 | J63: 74.29 | K63: Yes | L63: medicine | M63: otc | N63: pain_and_fever_relief | O63: =IF(M63="prescription","Yes","No") -> No | P63: Topical pain relief | Q63: 5f3cc42a-931c-4fec-9073-c61073b8d489
A64: PRD-MTHUZG0F34 | B64: Dynapar Qps 30ml Spray | C64: Troikaa Pharmaceuticals Ltd(India) | D64: Diclofenac Diethylamine 4.64% W/V+Absolute Alcohol 10% W/V | E64: Topical Spray | F64: Analgesics & Anti-Inflammatory(Topical) | G64: Topical NSAIDs | H64: 10 | I64: 1 | J64: 228.4 | K64: Yes | L64: medicine | M64: otc | N64: pain_and_fever_relief | O64: =IF(M64="prescription","Yes","No") -> No | P64: Topical pain relief | Q64: 2c7d85d1-45a0-4eeb-9495-f82a58f5c501
A65: PRD-8223 | B65: Fego 500mg Tablet | C65: Jmb Pharmaceuticals Pvt.Ltd. | D65: Paracetamol 500mg | E65: Tablet | F65: Analgesics & Anti-Inflammatory(Oral Solid) | G65: Antipyretics-Analgesics (Paracetamol) | H65: 19564 | I65: 10 | J65: 2.4 | K65: Yes | L65: medicine | M65: otc | N65: pain_and_fever_relief | O65: =IF(M65="prescription","Yes","No") -> No | Q65: dc5facf9-a28c-4083-a832-63b5de3c7720
A66: PRD-MTHV70PS118 | B66: Kaldol 120mg/5ml Oral Suspension | C66: Leben Laboratories Pvt. Ltd.(India) | D66: Paracetamol 120mg/5ml | E66: Suspension | F66: Analgesics & Anti-Inflammatory(Oral Liquid) | G66: Antipyretics-Analgesics (Paracetamol) | H66: 53 | I66: 1 | J66: 11.56 | K66: Yes | L66: medicine | M66: otc | N66: pain_and_fever_relief | O66: =IF(M66="prescription","Yes","No") -> No | Q66: 5e9d7d1a-7c31-4c77-b202-9e1876d1a209
A67: PRD-MUV43YLF | B67: Xykaa 1000mg Er Tablet | C67: Troikaa Pharmaceuticals Ltd(India) | D67: Paracetamol 1000mg | E67: Tablet | F67: Analgesics & Anti-Inflammatory(Oral Solid) | G67: Antipyretics-Analgesics (Paracetamol) | H67: 300 | I67: 30 | J67: 151.07 | K67: Yes | L67: medicine | M67: otc | N67: pain_and_fever_relief | O67: =IF(M67="prescription","Yes","No") -> No | Q67: 577fd977-3352-48d6-bd57-b8181c09852d
A68: PRD-MUR23SRE | B68: Abpara 1% W/v 100ml Infusion | C68: Abacus Parenteral Drugs Ltd. | D68: Paracetamol 100mg/Ml 100ml Infusion | E68: Injection | F68: Analgesics & Anti-Inflammatory(Injectable) | G68: Antipyretics-Analgesics (Paracetamol) | H68: 100 | I68: 1 | J68: 30.43 | K68: Yes | L68: medicine | M68: prescription | N68: analgesics_and_anti_inflammatory | O68: =IF(M68="prescription","Yes","No") -> Yes | P68: Paracetamol infusion = prescription | Q68: 05c98e47-2d1a-46b9-9ad0-2b98822900a5
A69: PRD-MTHV7OI2126 | B69: Adiflam Plus 900mg Tablet | C69: Leben Laboratories Pvt. Ltd.(India) | D69: Ibuprofen 400mg +Paracetamol 500mg | E69: Tablet | F69: Analgesics & Anti-Inflammatory(Oral Solid) | G69: NSAID Combinations | H69: 6571 | I69: 10 | J69: 8.98 | K69: Yes | L69: medicine | M69: prescription | N69: analgesics_and_anti_inflammatory | O69: =IF(M69="prescription","Yes","No") -> Yes | Q69: 8b58d4a6-4ad7-47e0-80a7-3a6b13de9a1d
A70: PRD-MTHVMH11305 | B70: Asera-P 600mg Tablet | C70: Corona Remedies Private Limited(India) | D70: Aceclofenac 100mg+Paracetamol 500mg | E70: Tablet | F70: Analgesics & Anti-Inflammatory(Oral Solid) | G70: NSAID Combinations | H70: 982 | I70: 10 | J70: 15.12 | K70: Yes | L70: medicine | M70: prescription | N70: analgesics_and_anti_inflammatory | O70: =IF(M70="prescription","Yes","No") -> Yes | Q70: 52c6307a-5c6d-4ba8-a60e-556fafb9f20d
A71: PRD-MTHVMJYW306 | B71: Auroxicam 15mg Tablet | C71: Aurobindo Pharma Ltd.(India) | D71: Meloxicam 15mg | E71: Tablet | F71: Analgesics & Anti-Inflammatory(Oral Solid) | G71: NSAIDs | H71: 2531 | I71: 10 | J71: 19.86 | K71: Yes | L71: medicine | M71: prescription | N71: analgesics_and_anti_inflammatory | O71: =IF(M71="prescription","Yes","No") -> Yes | Q71: 2c03060d-f50c-4afa-82c1-d4331185e452
A72: PRD-0942 | B72: Baclofen 10mg Tablet(teva) | C72: Teva UK Limited | D72: BACLOFEN 10MG | E72: Tablet | F72: Analgesics & Anti-Inflammatory(Oral Solid) | G72: Muscle Relaxants | H72: 3234 | I72: 84 | J72: 143.05 | K72: Yes | L72: medicine | M72: prescription | N72: analgesics_and_anti_inflammatory | O72: =IF(M72="prescription","Yes","No") -> Yes | Q72: 4fbf4059-5c7d-4229-a375-540db95c6f1d
A73: PRD-MTHVE9I0206 | B73: Bruplus 325mg/5ml 60ml Oral Suspension | C73: Psa International(India) | D73: Ibuprofen 100mg+Paracetamol 125mg/5ml | E73: Syrup | F73: Analgesics & Anti-Inflammatory(Oral Liquid) | G73: NSAID Combinations | H73: 15 | I73: 1 | J73: 23.41 | K73: Yes | L73: medicine | M73: prescription | N73: analgesics_and_anti_inflammatory | O73: =IF(M73="prescription","Yes","No") -> Yes | Q73: cfd15f14-e2d3-426a-a86e-791aef6659f5
A74: PRD-MTHV9Q6Z151 | B74: Brustan 725mg Tablet | C74: Sun Pharmaceuticals Ind. Ltd.(India) | D74: Ibuprofen 400mg +Paracetamol 325mg | E74: Tablet | F74: Analgesics & Anti-Inflammatory(Oral Solid) | G74: NSAID Combinations | H74: 24 | I74: 10 | J74: 35.15 | K74: Yes | L74: medicine | M74: prescription | N74: analgesics_and_anti_inflammatory | O74: =IF(M74="prescription","Yes","No") -> Yes | Q74: 62858c59-2840-475f-be7a-b302eceea106
A75: PRD-MTHV4F8I88 | B75: Brutaflam 120mg Tablet | C75: Mankind Pharma Ltd.(India) | D75: Etoricoxib 120mg | E75: Tablet | F75: Analgesics & Anti-Inflammatory(Oral Solid) | G75: NSAIDs (COX-2 Inhibitors) | H75: 140 | I75: 10 | J75: 81.45 | K75: Yes | L75: medicine | M75: prescription | N75: analgesics_and_anti_inflammatory | O75: =IF(M75="prescription","Yes","No") -> Yes | Q75: c152d410-124f-4d41-9854-26650c71b81e
A76: PRD-MTHV4HY789 | B76: Brutaflam 90mg Tablet | C76: Mankind Pharma Ltd.(India) | D76: Etoricoxib 90mg | E76: Tablet | F76: Analgesics & Anti-Inflammatory(Oral Solid) | G76: NSAIDs (COX-2 Inhibitors) | H76: 120 | I76: 10 | J76: 51.02 | K76: Yes | L76: medicine | M76: prescription | N76: analgesics_and_anti_inflammatory | O76: =IF(M76="prescription","Yes","No") -> Yes | Q76: b1750ec4-acf0-4753-b9c9-d04f118be357
A77: PRD-MTHV2K4N66 | B77: Difisal 50mg Tablet | C77: Kopran Limited(India) | D77: Diclofenac 50mg | E77: Tablet | F77: Analgesics & Anti-Inflammatory(Oral Solid) | G77: NSAIDs | H77: 116 | I77: 10 | J77: 1.8 | K77: Yes | L77: medicine | M77: prescription | N77: analgesics_and_anti_inflammatory | O77: =IF(M77="prescription","Yes","No") -> Yes | Q77: c200cf90-2268-4146-ade1-d0de33811dbb
A78: PRD-MTHV0GJ243 | B78: Ds-100mg Tablet | C78: Jmb Pharmaceuticals Pvt.Ltd. | D78: Diclofenac 100mg | E78: Tablet | F78: Analgesics & Anti-Inflammatory(Oral Solid) | G78: NSAIDs | H78: 422 | I78: 10 | J78: 4 | K78: Yes | L78: medicine | M78: prescription | N78: analgesics_and_anti_inflammatory | O78: =IF(M78="prescription","Yes","No") -> Yes | Q78: 87395a8c-968d-4ea8-86c8-a565764c9ae4
A79: PRD-MTHVED0A207 | B79: Dufenac 75mg Capsule | C79: Gulien Pharmaceuticals Co. Ltd(China) | D79: Diclofenac 75mg | E79: Capsule | F79: Analgesics & Anti-Inflammatory(Oral Solid) | G79: NSAIDs | H79: 20 | I79: 10 | J79: 75.23 | K79: Yes | L79: medicine | M79: prescription | N79: analgesics_and_anti_inflammatory | O79: =IF(M79="prescription","Yes","No") -> Yes | Q79: 440a9d53-e852-4cd1-bcd6-3df448f4b265
A80: PRD-MTHUZ9T332 | B80: Dynapar 50/500mg Tablet | C80: Troikaa Pharmaceuticals Ltd(India) | D80: Diclofenac 50mg+Paracetamol 500mg | E80: Tablet | F80: Analgesics & Anti-Inflammatory(Oral Solid) | G80: NSAID Combinations | H80: 1370 | I80: 10 | J80: 13.54 | K80: Yes | L80: medicine | M80: prescription | N80: analgesics_and_anti_inflammatory | O80: =IF(M80="prescription","Yes","No") -> Yes | Q80: 2a8ccc02-3efb-4c24-af2c-335b86ceb52b
... A84: PRD-MTHVMAJU303 | B84: Ibufil 100mg/5ml 100ml Oral Suspension | C84: Fourrts(India) Laboratories Pvt. Limited | D84: Ibuproffen 100mg/5ml | E84: Syrup | F84: Analgesics & Anti-Inflammatory(Oral Liquid) | G84: NSAIDs | H84: 16 | I84: 1 | J84: 17.89 | K84: Yes | L84: medicine | M84: prescription | N84: analgesics_and_anti_inflammatory | O84: =IF(M84="prescription","Yes","No") -> Yes | Q84: 9aa3b14a-d23f-41b7-9c80-a4b40c2e0a32
A85: PRD-3132 | B85: Lycortin-S 100mg Injection | C85: Lyka Labs Limited(India) | D85: Hydrocortisone 100mg | E85: Injection | F85: Analgesics & Anti-Inflammatory(Injectable) | G85: Corticosteroids (Systemic) | H85: 0 | I85: 1 | J85: 18.09 | K85: No | L85: medicine | M85: prescription | N85: analgesics_and_anti_inflammatory | O85: =IF(M85="prescription","Yes","No") -> Yes | P85: Out of stock | Q85: f61a5ddb-4d02-4be1-94d7-7cd98bcf6401
A86: PRD-MTHV9VY0153 | B86: M-Cam 15mg Tablet | C86: Unichem Laboratories Ltd.(India) | D86: Meloxicam 15mg | E86: Tablet | F86: Analgesics & Anti-Inflammatory(Oral Solid) | G86: NSAIDs | H86: 498 | I86: 10 | J86: 17.89 | K86: Yes | L86: medicine | M86: prescription | N86: analgesics_and_anti_inflammatory | O86: =IF(M86="prescription","Yes","No") -> Yes | Q86: 7a6347f0-c283-4062-b3a9-48c20a1fff68
A87: PRD-MUV3ZKA3 | B87: Mepen 250mg Tablet | C87: Unicure Laboratories Pvt. Ltd.(india) | D87: Mefenamic Acid 250mg | E87: Tablet | F87: Analgesics & Anti-Inflammatory(Oral Solid) | G87: NSAIDs | H87: 980 | I87: 10 | J87: 13.14 | K87: Yes | L87: medicine | M87: prescription | N87: analgesics_and_anti_inflammatory | O87: =IF(M87="prescription","Yes","No") -> Yes | Q87: 6eaf57aa-1424-4462-8a0c-c28dbc392a3c
A88: PRD-MTHVQHVW349 | B88: Myprodol Capsule | C88: Adcock Ingram Limited(South Africa) | D88: Codeine Phosphate 10mg+Ibuprofen 200mg+Paracetamol 250mg | E88: Capsule | F88: Analgesics & Anti-Inflammatory(Oral Solid) | G88: Opioid Combinations | H88: 160 | I88: 30 | J88: 136.59 | K88: Yes | L88: medicine | M88: prescription | N88: analgesics_and_anti_inflammatory | O88: =IF(M88="prescription","Yes","No") -> Yes | Q88: cb24ec84-3aa5-4d35-ab65-6f7780af9c38
A89: PRD-MTHV7RAS127 | B89: Pirox 20mg Capsule | C89: Saga Lifescience Limited(India) | D89: Piroxicam 20mg | E89: Tablet | F89: Analgesics & Anti-Inflammatory(Oral Solid) | G89: NSAIDs | H89: 3220 | I89: 10 | J89: 7.98 | K89: Yes | L89: medicine | M89: prescription | N89: analgesics_and_anti_inflammatory | O89: =IF(M89="prescription","Yes","No") -> Yes | Q89: cca77f0b-7ea4-4cef-b5ce-deb33bbd5239
A90: PRD-MTHV3NOU79 | B90: Plencoxib 200mg Capsule | C90: Akums Drugs & Pharmnaceuticals Ltd.(India) | D90: Celecoxib 200mg | E90: Capsule | F90: Analgesics & Anti-Inflammatory(Oral Solid) | G90: NSAIDs (COX-2 Inhibitors) | H90: 370 | I90: 10 | J90: 23.8 | K90: Yes | L90: medicine | M90: prescription | N90: analgesics_and_anti_inflammatory | O90: =IF(M90="prescription","Yes","No") -> Yes | Q90: a69ed513-b8f7-47f5-a787-dc808ce5047e
A91: PRD-MTHV24KG61 | B91: Powergesic Mr Tablet | C91: Jenburkt Pharmaceuticals Ltd(India) | D91: Chlorzoxazone 500mg+Diclofenac 50mg+Paracetamol 500mg | E91: Tablet | F91: Analgesics & Anti-Inflammatory(Oral Solid) | G91: Muscle Relaxant Combinations | H91: 1020 | I91: 10 | J91: 41.17 | K91: Yes | L91: medicine | M91: prescription | N91: analgesics_and_anti_inflammatory | O91: =IF(M91="prescription","Yes","No") -> Yes | Q91: e904b36e-4bf3-42e0-b0c8-65b93063b119
A92: PRD-2126 | B92: Prednifil 5mg Tablegt | C92: Fourrts(India) Laboratories Pvt. Limited | D92: Prednisolone 5mg | E92: Tablet | F92: Analgesics & Anti-Inflammatory(Oral Solid) | G92: Corticosteroids (Systemic) | H92: 48548 | I92: 10 | J92: 4 | K92: Yes | L92: medicine | M92: prescription | N92: analgesics_and_anti_inflammatory | O92: =IF(M92="prescription","Yes","No") -> Yes | Q92: aa3092de-683f-4011-ab49-e7472e76ef65
A93: PRD-9034 | B93: Rufen 200mg Tablet | C93: Saga Lifescience Limited(India) | D93: Ibuprofen 200mg | E93: Tablet | F93: Analgesics & Anti-Inflammatory(Oral Solid) | G93: NSAIDs | H93: 10171 | I93: 10 | J93: 4 | K93: Yes | L93: medicine | M93: prescription | N93: analgesics_and_anti_inflammatory | O93: =IF(M93="prescription","Yes","No") -> Yes | Q93: 4ef4748e-acd2-468b-88a8-a62063ed2351
A94: PRD-MTHVNBFI315 | B94: Sanexon 500mg Powder For Injection | C94: Pt Sanbe Farma(Indonesia) | D94: Methylprednisolone Sodium Succinate 500mg | E94: Injection | F94: Analgesics & Anti-Inflammatory(Injectable) | G94: Corticosteroids (Systemic) | H94: 3 | I94: 1 | J94: 462.73 | K94: Yes | L94: medicine | M94: prescription | N94: analgesics_and_anti_inflammatory | O94: =IF(M94="prescription","Yes","No") -> Yes | Q94: ea5259b3-4d25-42f7-9f81-5e61a18d7a3e
A95: PRD-MTHVLX2P299 | B95: Sanmol 100mg/100ml 1000ml Infusion | C95: Pt Sanbe Farma(Indonesia) | D95: Paracetamol 100mg/Ml 100ml Infusion | E95: Injection | F95: Analgesics & Anti-Inflammatory(Injectable) | G95: Antipyretics-Analgesics (Paracetamol) | H95: 0 | I95: 1 | J95: 87.91 | K95: No | L95: medicine | M95: prescription | N95: analgesics_and_anti_inflammatory | O95: =IF(M95="prescription","Yes","No") -> Yes | P95: Paracetamol infusion = prescription; Out of stock | Q95: dbb6f2bc-2211-4c3e-bb1f-8f38b26c6292
A96: PRD-MTHVP3WF333 | B96: Strom 50mg/Ml 2ml Injection | C96: Lincoln Pharmaceuticals Ltd(India) | D96: Tramadol 100mg/2ml Injection | E96: Injection | F96: Analgesics & Anti-Inflammatory(Injectable) | G96: Opioids | H96: 0 | I96: 1 | J96: 23.8 | K96: No | L96: medicine | M96: prescription | N96: analgesics_and_anti_inflammatory | O96: =IF(M96="prescription","Yes","No") -> Yes | P96: Out of stock | Q96: 20ca778d-7cd6-4e99-9c30-069b4a5d1112
A97: PRD-MTHVQOBW351 | B97: Tamoltra 362.5mg Tablet | C97: Pharma Dynamics(Pty) Ltd(South Africa) | D97: Tramadol 37.5mg+Paracetamol 325mg | E97: Tablet | F97: Analgesics & Anti-Inflammatory(Oral Solid) | G97: Opioid Combinations | H97: 330 | I97: 30 | J97: 131.18 | K97: Yes | L97: medicine | M97: prescription | N97: analgesics_and_anti_inflammatory | O97: =IF(M97="prescription","Yes","No") -> Yes | Q97: 9f62b755-87b1-42af-82cf-0f5984d0b704
A98: PRD-MUXVMOLE | B98: Topiramate 50mg 50mg Cadilla Uk | C98: Cadila Pharmaceuticals Ltd(India) | D98: Topiramate 50mg | E98: Tablet | F98: Analgesics & Anti-Inflammatory(Oral Solid) | G98: Migraine Therapy | H98: 30 | I98: 10 | J98: 214.98 | K98: Yes | L98: medicine | M98: prescription | N98: analgesics_and_anti_inflammatory | O98: =IF(M98="prescription","Yes","No") -> Yes | Q98: c4ad0694-3673-4f6d-a495-4cf9fa05667d
A99: PRD-MTHV327R72 | B99: Tradmin 50mg Capsule | C99: Unosource Pharma Ltd.(India) | D99: Tramadol 50mg | E99: Capsule | F99: Analgesics & Anti-Inflammatory(Oral Solid) | G99: Opioids | H99: 113664 | I99: 10 | J99: 10.96 | K99: Yes | L99: medicine | M99: prescription | N99: analgesics_and_anti_inflammatory | O99: =IF(M99="prescription","Yes","No") -> Yes | Q99: 79167487-558c-444f-8c87-f2c0892e3f82
A100: PRD-2175 | B100: Tricort 40mg/ml 1ml Injection | C100: Cadila Pharmaceuticals Ltd(India) | D100: Triamcinolone 40mg | E100: Injection | F100: Analgesics & Anti-Inflammatory(Injectable) | G100: Corticosteroids (Systemic) | H100: 166 | I100: 1 | J100: 104.9 | K100: Yes | L100: medicine | M100: prescription | N100: analgesics_and_anti_inflammatory | O100: =IF(M100="prescription","Yes","No") -> Yes | Q100: 1cf14524-ceba-411c-89b2-114960bfb3d0
A101: PRD-MTHV9SYI152 | B101: Valus Ap Tablet | C101: Glenmark Pharmaceuticals Ltd.(India) | D101: Aceclofenac 100mg+Paracetamol 500mg | E101: Tablet | F101: Analgesics & Anti-Inflammatory(Oral Solid) | G101: NSAID Combinations | H101: 308 | I101: 14 | J101: 67.96 | K101: Yes | L101: medicine | M101: prescription | N101: analgesics_and_anti_inflammatory | O101: =IF(M101="prescription","Yes","No") -> Yes | Q101: 4549f4ee-c8e1-45b6-8ef7-3e144c7bbd87
A102: PRD-3222 | B102: Vasograin 1/100/250/2.5mg Tablet | C102: Cadila Pharmaceuticals Ltd(India) | D102: Ergotamine 1mg+caffiene 100mg+paracetamol 250mg+prochlor[erazine 2.5mg | E102: Tablet | F102: Analgesics & Anti-Inflammatory(Oral Solid) | G102: Migraine Therapy | H102: 845 | I102: 10 | J102: 43.5 | K102: Yes | L102: medicine | M102: prescription | N102: analgesics_and_anti_inflammatory | O102: =IF(M102="prescription","Yes","No") -> Yes | Q102: 96a1e5e1-7a51-4cbe-8bb7-357fc2e01749
A103: PRD-MTHV3C2G75 | B103: Vovenil 25mg/Ml 3ml Injection | C103: Unosource Pharma Ltd.(India) | D103: Diclofenac 75mg/3ml | E103: Injection | F103: Analgesics & Anti-Inflammatory(Injectable) | G103: NSAIDs - Injectable | H103: 394 | I103: 1 | J103: 1.6 | K103: Yes | L103: medicine | M103: prescription | N103: analgesics_and_anti_inflammatory | O103: =IF(M103="prescription","Yes","No") -> Yes | Q103: 9f021ac2-4ee3-4d5c-889f-baad8e20012a
A104: PRD-MTHVPCNF336 | B104: Acinet 1gm Tablets | C104: Cachet Pharmaceuticals Pvt. Ltd. | D104: Amoxycillin 875mg+Clavulanic Acid 125mg | E104: Tablet | F104: Antibiotics & Antimicrobials(Oral Solid) | G104: Penicillin + Beta-Lactamase Inhibitor | H104: 80 | I104: 10 | J104: 121.39 | K104: Yes | L104: medicine | M104: prescription | N104: antibiotics | O104: =IF(M104="prescription","Yes","No") -> Yes | Q104: dc0a2ecb-879e-4b31-b0a5-21d5a4ea01ea
A105: PRD-MTHVP9PK335 | B105: Agycin 500mg Tablet | C105: Bliss Gvs Pharma Ltd.(India) | D105: Azithromycine 500mg | E105: Tablet | F105: Antibiotics & Antimicrobials(Oral Solid) | G105: Macrolides | H105: 50 | I105: 3 | J105: 15.93 | K105: Yes | L105: medicine | M105: prescription | N105: antibiotics | O105: =IF(M105="prescription","Yes","No") -> Yes | Q105: 7e9658d2-2b8b-48f5-a543-52829b3e9b75
A106: PRD-MTHV5QZP104 | B106: Alclox 250mg Capsule | C106: Leben Laboratories Pvt. Ltd.(India) | D106: Cloxacillin 250mg | E106: Capsule | F106: Antibiotics & Antimicrobials(Oral Solid) | G106: Penicillins | H106: 312 | I106: 10 | J106: 12.75 | K106: Yes | L106: medicine | M106: prescription | N106: antibiotics | O106: =IF(M106="prescription","Yes","No") -> Yes | Q106: 4efb979f-9f9b-419f-8aee-cc504ce052c4
A107: PRD-MTHUYYRX29 | B107: Ampiclo-Dawa 250mg/5ml Powder For Oral Suspension 100ml | C107: Dawa Limited(Kenya) | D107: Ampoicillin 125mg+Cloxacillin 125mg | E107: Suspension | F107: Antibiotics & Antimicrobials(Oral Liquid) | G107: Penicillins | H107: 25 | I107: 1 | J107: 30.56 | K107: Yes | L107: medicine | M107: prescription | N107: antibiotics | O107: =IF(M107="prescription","Yes","No") -> Yes | Q107: c7b93f27-6a5f-4812-bd15-07dddc3e2171
A108: PRD-MTHV1EZI53 | B108: Amyn 250mg Capsule | C108: Kopran Limited(India) | D108: Amoxycillin 250mg | E108: Capsule | F108: Antibiotics & Antimicrobials(Oral Solid) | G108: Penicillins | H108: 0 | I108: 10 | J108: 4 | K108: No | L108: medicine | M108: prescription | N108: antibiotics | O108: =IF(M108="prescription","Yes","No") -> Yes | P108: Out of stock | Q108: 6be4b7e7-e635-45e8-a336-ac7a1bfffc62
A109: PRD-MUXVP5UK | B109: Augmentin 1gm BD Capsule | C109: Glaxo Smith Klinle | D109: Amoxycillin 875mg+Clavulanic Acid 125mg | E109: Capsule | F109: Antibiotics & Antimicrobials(Oral Solid) | G109: Penicillin + Beta-Lactamase Inhibitor | H109: 0 | I109: 10 | J109: 555.22 | K109: No | L109: medicine | M109: prescription | N109: antibiotics | O109: =IF(M109="prescription","Yes","No") -> Yes | P109: Out of stock | Q109: f0c8edbb-eed5-46b7-b831-622d54327471
A110: PRD-6457 | B110: Auroxetil 500mg Tablet | C110: Aurobindo Pharma Ltd.(India) | D110: CEFUROXIME 500MG | E110: Tablet | F110: Antibiotics & Antimicrobials(Oral Solid) | G110: Cephalosporins | H110: 26 | I110: 10 | J110: 96.95 | K110: Yes | L110: medicine | M110: prescription | N110: antibiotics | O110: =IF(M110="prescription","Yes","No") -> Yes | Q110: 16d9112f-ae4b-4c92-8a60-f6640afcfe77
A111: PRD-MTHV2MW167 | B111: Az-1 500mg Tablet | C111: Kopran Limited(India) | D111: Azithromycine 500mg | E111: Tablet | F111: Antibiotics & Antimicrobials(Oral Solid) | G111: Macrolides | H111: 460 | I111: 3 | J111: 13.62 | K111: Yes | L111: medicine | M111: prescription | N111: antibiotics | O111: =IF(M111="prescription","Yes","No") -> Yes | Q111: ab443a96-2d56-434b-ab06-ac49b0d040d1
A112: PRD-MTHV7985121 | B112: Azileb 200mg/5ml 15ml Oral Suspension | C112: Leben Laboratories Pvt. Ltd.(India) | D112: Azithromycine 200mg/5ml | E112: Suspension | F112: Antibiotics & Antimicrobials(Oral Liquid) | G112: Macrolides | H112: 44 | I112: 1 | J112: 13.94 | K112: Yes | L112: medicine | M112: prescription | N112: antibiotics | O112: =IF(M112="prescription","Yes","No") -> Yes | Q112: 8979e414-df1e-4ad9-99b8-a97e9409b09e
A113: PRD-MTHV76GG120 | B113: Cebay 100mg/5ml Powder For Oral Suspension 60ml | C113: Leben Laboratories Pvt. Ltd.(India) | D113: Cefixime 100mg/5ml | E113: Suspension | F113: Antibiotics & Antimicrobials(Oral Liquid) | G113: Cephalosporins | H113: 188 | I113: 1 | J113: 35.93 | K113: Yes | L113: medicine | M113: prescription | N113: antibiotics | O113: =IF(M113="prescription","Yes","No") -> Yes | Q113: 0f1c0e9d-d5ff-4ddc-8fbb-279d039525b5
A114: PRD-MTHVP6RD334 | B114: Cefamor 125mg/5ml Powder For Oral Suspension 100ml | C114: Cadila Pharmaceuticals Ltd(India) | D114: Cefalexin 125mg/5ml 100ml | E114: Suspension | F114: Antibiotics & Antimicrobials(Oral Liquid) | G114: Cephalosporins | H114: 42 | I114: 1 | J114: 53.33 | K114: Yes | L114: medicine | M114: prescription | N114: antibiotics | O114: =IF(M114="prescription","Yes","No") -> Yes | Q114: d6340b04-4b59-4f15-a81b-3ab114a1753c
A115: PRD-MTHV4WMH94 | B115: Cefiwell 200mg Dt Tablet | C115: Unosource Pharma Ltd.(India) | D115: Cefixime 200mg | E115: Tablet | F115: Antibiotics & Antimicrobials(Oral Solid) | G115: Cephalosporins | H115: 1163 | I115: 10 | J115: 41.17 | K115: Yes | L115: medicine | M115: prescription | N115: antibiotics | O115: =IF(M115="prescription","Yes","No") -> Yes | Q115: 091ec7ad-cbee-4809-a5e1-f777063ac9ab
A116: PRD-MTHV04MO41 | B116: Cefotaxim 1gm Powder For Injection Vial | C116: Ncpc International Corp.(China) | D116: Cefotaxim 1gm | E116: Injection | F116: Antibiotics & Antimicrobials(Injectable) | G116: Cephalosporins | H116: 15 | I116: 1 | J116: 19.86 | K116: Yes | L116: medicine | M116: prescription | N116: antibiotics | O116: =IF(M116="prescription","Yes","No") -> Yes | Q116: 3abc922a-7bee-4b1d-88a0-54407e9317e3
A117: PRD-MTHV3GW377 | B117: Ceftriasone S 1.5gm Powder For Injection Vial | C117: Unosource Pharma Ltd.(India) | D117: Ceftriaxone 1gm + Sulbactam 500mg | E117: Injection | F117: Antibiotics & Antimicrobials(Injectable) | G117: Cephalosporin + Beta-Lactamase Inhibitor | H117: 45 | I117: 1 | J117: 50.25 | K117: Yes | L117: medicine | M117: prescription | N117: antibiotics | O117: =IF(M117="prescription","Yes","No") -> Yes | Q117: c6700b9d-9242-442f-a2c6-9360396709a2
A118: PRD-MTHV65KS109 | B118: Ceftriaxone 1gm Powder For Injection Vial | C118: Ncpc International Corp.(China) | D118: Ceftriaxone 1gm | E118: Injection | F118: Antibiotics & Antimicrobials(Injectable) | G118: Cephalosporins | H118: 226 | I118: 1 | J118: 9.97 | K118: Yes | L118: medicine | M118: prescription | N118: antibiotics | O118: =IF(M118="prescription","Yes","No") -> Yes | Q118: 81487c47-3de3-4475-999c-a729929e27af
A119: PRD-MTHV8VZX141 | B119: Cifran Ct 900mg Tablet | C119: Sun Pharmaceuticals Ind. Ltd.(India) | D119: Ciprofloxacin 500mg+Tinidazole 400mg | E119: Tablet | F119: Antibiotics & Antimicrobials(Oral Solid) | G119: Fluoroquinolone Combinations | H119: 7 | I119: 10 | J119: 73.53 | K119: Yes | L119: medicine | M119: prescription | N119: antibiotics | O119: =IF(M119="prescription","Yes","No") -> Yes | Q119: 61b4a257-556f-42b1-86f5-ff6266775f8d
A120: PRD-5774 | B120: Ciromicin 0.3% W/v Eye Drop | C120: CIRON DRUGS(INDIA) | D120: Gentamycine 0.3% W/V | E120: Eye Drop | F120: Antibiotics & Antimicrobials(Topical) | G120: Topical Antibiotics | H120: 110 | I120: 1 | J120: 9.08 | K120: Yes | L120: medicine | M120: prescription | N120: antibiotics | O120: =IF(M120="prescription","Yes","No") -> Yes | Q120: 2355c71a-2e93-4342-8c80-42b1164748c6
A121: PRD-7594 | B121: Cital 100ml Syrup | C121: Indoco Remedies Limited(India) | D121: Disodium Hydrogen Citrate 1.37gm/5ml | E121: Syrup | F121: Antibiotics & Antimicrobials(Oral Liquid) | G121: Miscellaneous | H121: 108 | I121: 1 | J121: 88.6 | K121: Yes | L121: medicine | M121: prescription | N121: antibiotics | O121: =IF(M121="prescription","Yes","No") -> Yes | Q121: 3f67d644-5a6d-4997-948b-7fde197ed3bd
... A127: PRD-MTHV9YX0154 | B127: Enhancin 1gm Tablet | C127: Sun Pharmaceuticals Ind. Ltd.(India) | D127: Amoxycillin 875mg+Clavulanic Acid 125mg | E127: Tablet | F127: Antibiotics & Antimicrobials(Oral Solid) | G127: Penicillin + Beta-Lactamase Inhibitor | H127: 95 | I127: 10 | J127: 24.78 | K127: Yes | L127: medicine | M127: prescription | N127: antibiotics | O127: =IF(M127="prescription","Yes","No") -> Yes | Q127: ede4035e-6861-44aa-8647-e8010933ab40
A128: PRD-MTHUX9M711 | B128: Erycin 125mg/5ml Powder For Oral Suspension | C128: Flamingo Pharmaceuticals Ltd.(India) | D128: Erythromycine 125mg/5ml | E128: Suspension | F128: Antibiotics & Antimicrobials(Oral Liquid) | G128: Macrolides | H128: 0 | I128: 1 | J128: 43.3 | K128: No | L128: medicine | M128: prescription | N128: antibiotics | O128: =IF(M128="prescription","Yes","No") -> Yes | P128: Out of stock | Q128: 3222a36b-181d-4f92-a5b0-1a99c0943e83
A129: PRD-MTHV0Q2746 | B129: Erymin 250mg Tablet | C129: Jmb Pharmaceuticals Pvt.Ltd. | D129: Erythromycine 250mg | E129: Tablet | F129: Antibiotics & Antimicrobials(Oral Solid) | G129: Macrolides | H129: 712 | I129: 10 | J129: 11.95 | K129: Yes | L129: medicine | M129: prescription | N129: antibiotics | O129: =IF(M129="prescription","Yes","No") -> Yes | Q129: 55e4ed14-2924-40a1-8428-00704a826d48
...

Sheet Lists
A1: Parent Type | B1: Shop Category | C1: Shop Sub Category | E1: Add a new value at the bottom of a list and it becomes selectable on the Products sheet.
A2: medicine | B2: prescription | C2: analgesics_and_anti_inflammatory
A3: cosmetics | B3: otc | C3: antibiotics
A4: surgicals | B4: health_supplement | C4: antifungals
A5: diagnostics | B5: skin_care | C5: antiparasitics_and_antimalarials
B6: surgical_instruments | C6: antivirals
B7: orthopaedic_supports | C7: cardiovascular
B8: consumables_and_hygiene | C8: central_nervous_system
B9: diagnostic_devices | C9: dermatology
C10: diabetes_and_endocrine
C11: metabolic_and_electrolytes
C12: gastrointestinal
C13: urology_and_reproductive_health
C14: hematology
C15: gout_and_musculoskeletal
C16: oncology
C17: immunosuppressants
C18: eye_care
C19: respiratory_and_allergy
C20: vaccines_and_biologicals
C21: contrast_media
... C57: test_kits

Sheet Shop Menu
A1: How the shop menu will look (counts update when you change the Products sheet)
A3: Parent Type (top menu) | B3: Shop Category | C3: Shop Sub Category | D3: Products
A4: medicine | D4: =COUNTIFS(Products!$L$2:$L$632,A4) -> 424
A5: medicine | B5: prescription | D5: =COUNTIFS(Products!$L$2:$L$632,A5,Products!$M$2:$M$632,B5) -> 370
A6: medicine | B6: prescription | C6: analgesics_and_anti_inflammatory | D6: =COUNTIFS(Products!$L$2:$L$632,A6,Products!$M$2:$M$632,B6,Products!$N$2:$N$632,C6) -> 36
A7: medicine | B7: prescription | C7: antibiotics | D7: =COUNTIFS(Products!$L$2:$L$632,A7,Products!$M$2:$M$632,B7,Products!$N$2:$N$632,C7) -> 56
A8: medicine | B8: prescription | C8: antifungals | D8: =COUNTIFS(Products!$L$2:$L$632,A8,Products!$M$2:$M$632,B8,Products!$N$2:$N$632,C8) -> 6
A9: medicine | B9: prescription | C9: antiparasitics_and_antimalarials | D9: =COUNTIFS(Products!$L$2:$L$632,A9,Products!$M$2:$M$632,B9,Products!$N$2:$N$632,C9) -> 14
A10: medicine | B10: prescription | C10: antivirals | D10: =COUNTIFS(Products!$L$2:$L$632,A10,Products!$M$2:$M$632,B10,Products!$N$2:$N$632,C10) -> 5
A11: medicine | B11: prescription | C11: cardiovascular | D11: =COUNTIFS(Products!$L$2:$L$632,A11,Products!$M$2:$M$632,B11,Products!$N$2:$N$632,C11) -> 68
A12: medicine | B12: prescription | C12: central_nervous_system | D12: =COUNTIFS(Products!$L$2:$L$632,A12,Products!$M$2:$M$632,B12,Products!$N$2:$N$632,C12) -> 16
A13: medicine | B13: prescription | C13: dermatology | D13: =COUNTIFS(Products!$L$2:$L$632,A13,Products!$M$2:$M$632,B13,Products!$N$2:$N$632,C13) -> 3
A14: medicine | B14: prescription | C14: diabetes_and_endocrine | D14: =COUNTIFS(Products!$L$2:$L$632,A14,Products!$M$2:$M$632,B14,Products!$N$2:$N$632,C14) -> 32
A15: medicine | B15: prescription | C15: metabolic_and_electrolytes | D15: =COUNTIFS(Products!$L$2:$L$632,A15,Products!$M$2:$M$632,B15,Products!$N$2:$N$632,C15) -> 1
A16: medicine | B16: prescription | C16: gastrointestinal | D16: =COUNTIFS(Products!$L$2:$L$632,A16,Products!$M$2:$M$632,B16,Products!$N$2:$N$632,C16) -> 15
A17: medicine | B17: prescription | C17: urology_and_reproductive_health | D17: =COUNTIFS(Products!$L$2:$L$632,A17,Products!$M$2:$M$632,B17,Products!$N$2:$N$632,C17) -> 14
... A25: medicine | B25: prescription | C25: contrast_media | D25: =COUNTIFS(Products!$L$2:$L$632,A25,Products!$M$2:$M$632,B25,Products!$N$2:$N$632,C25) -> 1
A26: medicine | B26: otc | D26: =COUNTIFS(Products!$L$2:$L$632,A26,Products!$M$2:$M$632,B26) -> 40
A27: medicine | B27: otc | C27: pain_and_fever_relief | D27: =COUNTIFS(Products!$L$2:$L$632,A27,Products!$M$2:$M$632,B27,Products!$N$2:$N$632,C27) -> 9
A28: medicine | B28: otc | C28: cough_cold_and_allergy | D28: =COUNTIFS(Products!$L$2:$L$632,A28,Products!$M$2:$M$632,B28,Products!$N$2:$N$632,C28) -> 12
A29: medicine | B29: otc | C29: digestive_health | D29: =COUNTIFS(Products!$L$2:$L$632,A29,Products!$M$2:$M$632,B29,Products!$N$2:$N$632,C29) -> 8
A30: medicine | B30: otc | C30: oral_care | D30: =COUNTIFS(Products!$L$2:$L$632,A30,Products!$M$2:$M$632,B30,Products!$N$2:$N$632,C30) -> 2
A31: medicine | B31: otc | C31: eye_ear_and_nose_care | D31: =COUNTIFS(Products!$L$2:$L$632,A31,Products!$M$2:$M$632,B31,Products!$N$2:$N$632,C31) -> 4
A32: medicine | B32: otc | C32: herbal_and_homeopathic | D32: =COUNTIFS(Products!$L$2:$L$632,A32,Products!$M$2:$M$632,B32,Products!$N$2:$N$632,C32) -> 5
A33: medicine | B33: health_supplement | D33: =COUNTIFS(Products!$L$2:$L$632,A33,Products!$M$2:$M$632,B33) -> 14
A34: medicine | B34: health_supplement | C34: vitamins_and_minerals | D34: =COUNTIFS(Products!$L$2:$L$632,A34,Products!$M$2:$M$632,B34,Products!$N$2:$N$632,C34) -> 2
A35: medicine | B35: health_supplement | C35: blood_booster | D35: =COUNTIFS(Products!$L$2:$L$632,A35,Products!$M$2:$M$632,B35,Products!$N$2:$N$632,C35) -> 3
A36: medicine | B36: health_supplement | C36: bone_and_joint_health | D36: =COUNTIFS(Products!$L$2:$L$632,A36,Products!$M$2:$M$632,B36,Products!$N$2:$N$632,C36) -> 2
A37: medicine | B37: health_supplement | C37: heart_health | D37: =COUNTIFS(Products!$L$2:$L$632,A37,Products!$M$2:$M$632,B37,Products!$N$2:$N$632,C37) -> 1
A38: medicine | B38: health_supplement | C38: mental_focus_and_sleep | D38: =COUNTIFS(Products!$L$2:$L$632,A38,Products!$M$2:$M$632,B38,Products!$N$2:$N$632,C38) -> 3
A39: medicine | B39: health_supplement | C39: fertility_and_reproductive_health | D39: =COUNTIFS(Products!$L$2:$L$632,A39,Products!$M$2:$M$632,B39,Products!$N$2:$N$632,C39) -> 2
A40: medicine | B40: health_supplement | C40: weight_management | D40: =COUNTIFS(Products!$L$2:$L$632,A40,Products!$M$2:$M$632,B40,Products!$N$2:$N$632,C40) -> 1
A41: cosmetics | D41: =COUNTIFS(Products!$L$2:$L$632,A41) -> 0
A42: cosmetics | B42: skin_care | D42: =COUNTIFS(Products!$L$2:$L$632,A42,Products!$M$2:$M$632,B42) -> 0
A43: cosmetics | B43: skin_care | C43: moisturizer | D43: =COUNTIFS(Products!$L$2:$L$632,A43,Products!$M$2:$M$632,B43,Products!$N$2:$N$632,C43) -> 0
A44: cosmetics | B44: skin_care | C44: face_care | D44: =COUNTIFS(Products!$L$2:$L$632,A44,Products!$M$2:$M$632,B44,Products!$N$2:$N$632,C44) -> 0
A45: cosmetics | B45: skin_care | C45: body_care | D45: =COUNTIFS(Products!$L$2:$L$632,A45,Products!$M$2:$M$632,B45,Products!$N$2:$N$632,C45) -> 0
A46: surgicals | D46: =COUNTIFS(Products!$L$2:$L$632,A46) -> 195
A47: surgicals | B47: surgical_instruments | D47: =COUNTIFS(Products!$L$2:$L$632,A47,Products!$M$2:$M$632,B47) -> 98
A48: surgicals | B48: surgical_instruments | C48: forceps | D48: =COUNTIFS(Products!$L$2:$L$632,A48,Products!$M$2:$M$632,B48,Products!$N$2:$N$632,C48) -> 38
A49: surgicals | B49: surgical_instruments | C49: scissors | D49: =COUNTIFS(Products!$L$2:$L$632,A49,Products!$M$2:$M$632,B49,Products!$N$2:$N$632,C49) -> 15
A50: surgicals | B50: surgical_instruments | C50: scalpel_handles | D50: =COUNTIFS(Products!$L$2:$L$632,A50,Products!$M$2:$M$632,B50,Products!$N$2:$N$632,C50) -> 6
A51: surgicals | B51: surgical_instruments | C51: needle_holders | D51: =COUNTIFS(Products!$L$2:$L$632,A51,Products!$M$2:$M$632,B51,Products!$N$2:$N$632,C51) -> 1
A52: surgicals | B52: surgical_instruments | C52: gynaecology_instruments | D52: =COUNTIFS(Products!$L$2:$L$632,A52,Products!$M$2:$M$632,B52,Products!$N$2:$N$632,C52) -> 16
A53: surgicals | B53: surgical_instruments | C53: orthopaedic_instruments | D53: =COUNTIFS(Products!$L$2:$L$632,A53,Products!$M$2:$M$632,B53,Products!$N$2:$N$632,C53) -> 4
A54: surgicals | B54: surgical_instruments | C54: trays_boxes_and_containers | D54: =COUNTIFS(Products!$L$2:$L$632,A54,Products!$M$2:$M$632,B54,Products!$N$2:$N$632,C54) -> 9
A55: surgicals | B55: surgical_instruments | C55: surgical_kits | D55: =COUNTIFS(Products!$L$2:$L$632,A55,Products!$M$2:$M$632,B55,Products!$N$2:$N$632,C55) -> 5
A56: surgicals | B56: surgical_instruments | C56: implants_and_shunts | D56: =COUNTIFS(Products!$L$2:$L$632,A56,Products!$M$2:$M$632,B56,Products!$N$2:$N$632,C56) -> 4
A57: surgicals | B57: orthopaedic_supports | D57: =COUNTIFS(Products!$L$2:$L$632,A57,Products!$M$2:$M$632,B57) -> 83
A58: surgicals | B58: orthopaedic_supports | C58: braces_and_supports | D58: =COUNTIFS(Products!$L$2:$L$632,A58,Products!$M$2:$M$632,B58,Products!$N$2:$N$632,C58) -> 81
A59: surgicals | B59: orthopaedic_supports | C59: casting_materials | D59: =COUNTIFS(Products!$L$2:$L$632,A59,Products!$M$2:$M$632,B59,Products!$N$2:$N$632,C59) -> 2
A60: surgicals | B60: consumables_and_hygiene | D60: =COUNTIFS(Products!$L$2:$L$632,A60,Products!$M$2:$M$632,B60) -> 14
A61: surgicals | B61: consumables_and_hygiene | C61: wound_care | D61: =COUNTIFS(Products!$L$2:$L$632,A61,Products!$M$2:$M$632,B61,Products!$N$2:$N$632,C61) -> 3
A62: surgicals | B62: consumables_and_hygiene | C62: ppe_and_gloves | D62: =COUNTIFS(Products!$L$2:$L$632,A62,Products!$M$2:$M$632,B62,Products!$N$2:$N$632,C62) -> 3
A63: surgicals | B63: consumables_and_hygiene | C63: syringes_and_catheters | D63: =COUNTIFS(Products!$L$2:$L$632,A63,Products!$M$2:$M$632,B63,Products!$N$2:$N$632,C63) -> 2
A64: surgicals | B64: consumables_and_hygiene | C64: maternity_supplies | D64: =COUNTIFS(Products!$L$2:$L$632,A64,Products!$M$2:$M$632,B64,Products!$N$2:$N$632,C64) -> 4
A65: surgicals | B65: consumables_and_hygiene | C65: disinfectants_and_hygiene | D65: =COUNTIFS(Products!$L$2:$L$632,A65,Products!$M$2:$M$632,B65,Products!$N$2:$N$632,C65) -> 2
A66: diagnostics | D66: =COUNTIFS(Products!$L$2:$L$632,A66) -> 12
A67: diagnostics | B67: diagnostic_devices | D67: =COUNTIFS(Products!$L$2:$L$632,A67,Products!$M$2:$M$632,B67) -> 12
A68: diagnostics | B68: diagnostic_devices | C68: blood_glucose_monitoring | D68: =COUNTIFS(Products!$L$2:$L$632,A68,Products!$M$2:$M$632,B68,Products!$N$2:$N$632,C68) -> 3
A69: diagnostics | B69: diagnostic_devices | C69: blood_pressure_monitors | D69: =COUNTIFS(Products!$L$2:$L$632,A69,Products!$M$2:$M$632,B69,Products!$N$2:$N$632,C69) -> 1
A70: diagnostics | B70: diagnostic_devices | C70: diagnostic_instruments | D70: =COUNTIFS(Products!$L$2:$L$632,A70,Products!$M$2:$M$632,B70,Products!$N$2:$N$632,C70) -> 7
A71: diagnostics | B71: diagnostic_devices | C71: test_kits | D71: =COUNTIFS(Products!$L$2:$L$632,A71,Products!$M$2:$M$632,B71,Products!$N$2:$N$632,C71) -> 1
C73: Total classified | D73: =COUNTA(Products!$L$2:$L$632) -> 631
C74: Total products | D74: =COUNTA(Products!$A$2:$A$632) -> 631
